<?xml version="1.0" encoding="utf-8"?>
<gpc defaultLocale="en_US" version="4" keySequence="158" currentLocale="en_US">
  <product appid="PHSP" version="13" name="Photoshop CS6"/>
  <target id="PHSP-13"/>
  <ConfiguratorPanel name="AnimDessin" width="915" height="55" minHeight="40" init="doInit" close="doClose" persistent="True" extensionId="com.configurator.animdessin" extensionVersion="3.0.0" menuName="AnimDessin" flyoutMenuAbout="$$$/Configurator/FlyoutMenu/about" minWidth="915" maxHeight="60" normalIcon="AnimDessinLight.png" darkNormalIcon="AnimDessinDark.png">
    <onInit><![CDATA[]]></onInit>
    <aboutBox><![CDATA[Created by Stéphane Baril, Krystal Woods and Jonathan Ferman<br /><br />Créé par Stéphane Baril, Krystal Woods et Jonathan Ferman<br /><br />Created with Configurator<br/><p>Created By <a href='http://kimtag.com/sbaril' target='_blank'>Stéphane Baril</a> using <a href='http://labs.adobe.com/technologies/configurator/' target='_blank'>Configurator</a></p>]]></aboutBox>
    <extensionDescription><![CDATA[This panel is available for Photoshop CS6 and Photoshop CS6 Extended. It allows you to draw handmade cell animations by simplifying the process, as test the movie, set the duration of a keyframe…]]></extensionDescription>
    <extensionAuthor><![CDATA[Stéphane Baril]]></extensionAuthor>
    <onClose><![CDATA[]]></onClose>
    <eventListeners>
      <function id="doInit" actionType="jsfunction" jsFunctionName="invoke_script">
        <param id="onInit"/>
      </function>
      <function id="doClose" actionType="jsfunction" jsFunctionName="invoke_script">
        <param id="onClose"/>
      </function>
    </eventListeners>
    <canvas _itemId="container_canvas" toolTip="$$$/Configurator/Container/Canvas/desc" label="$$$/Configurator/key_###26" width="100%" height="100%" cfgVisible="$$$/Configurator/Attribute/visible/value###27" top="5" bottom="0" left="5" right="5" x="0" y="0">
      <ps_script_file _itemId="ps_actionscript_scriptfile" label="$$$/Configurator/ActionScript/ScriptFile/name###28" toolTip="$$$/Configurator/ActionScript/ScriptFile/desc###29" cfgVisible="$$$/Configurator/Attribute/visible/value###30" fileUrl="$$$/Configurator/key_###31" icon="ps_script_file" overIcon="ps_script_file_r" showIcon="false" mouseUpIcon="icons/IconUp/showTimeline.png" x="0" y="0" width="30" height="30" mouseOverIcon="icons/IconOver/showTimeline.png"/>
      <ps_script_file _itemId="ps_actionscript_scriptfile" label="$$$/Configurator/ActionScript/ScriptFile/name###36" toolTip="$$$/Configurator/ActionScript/ScriptFile/desc###37" cfgVisible="$$$/Configurator/Attribute/visible/value###38" fileUrl="$$$/Configurator/key_###39" icon="ps_script_file" overIcon="ps_script_file_r" showIcon="false" mouseUpIcon="icons/IconUp/newscene.png" x="32" y="0" width="30" height="30" mouseOverIcon="icons/IconOver/newscene.png"/>
      <ps_script_file _itemId="ps_actionscript_scriptfile" label="$$$/Configurator/ActionScript/ScriptFile/name###40" toolTip="$$$/Configurator/ActionScript/ScriptFile/desc###41" cfgVisible="$$$/Configurator/Attribute/visible/value###42" fileUrl="$$$/Configurator/key_###43" icon="ps_script_file" overIcon="ps_script_file_r" showIcon="false" mouseUpIcon="icons/IconUp/canvassize.png" x="64" y="0" width="30" height="30" mouseOverIcon="icons/IconOver/canvassize.png"/>
      <ps_script_file _itemId="ps_actionscript_scriptfile" label="$$$/Configurator/ActionScript/ScriptFile/name###44" toolTip="$$$/Configurator/ActionScript/ScriptFile/desc###45" cfgVisible="$$$/Configurator/Attribute/visible/value###46" fileUrl="$$$/Configurator/key_###47" icon="ps_script_file" overIcon="ps_script_file_r" showIcon="false" mouseUpIcon="icons/IconUp/save.png" x="96" y="0" width="30" height="30" mouseOverIcon="icons/IconOver/save.png"/>
      <ps_script_file _itemId="ps_actionscript_scriptfile" label="$$$/Configurator/ActionScript/ScriptFile/name###155" toolTip="$$$/Configurator/ActionScript/ScriptFile/desc###156" cfgVisible="$$$/Configurator/Attribute/visible/value###157" fileUrl="$$$/Configurator/key_###158" icon="ps_script_file" overIcon="ps_script_file_r" showIcon="false" mouseUpIcon="icons/IconUp/info.png" x="128" y="0" width="30" height="30" mouseOverIcon="icons/IconOver/info.png"/>
      <ps_script_file _itemId="ps_actionscript_scriptfile" label="$$$/Configurator/ActionScript/ScriptFile/name###68" toolTip="$$$/Configurator/ActionScript/ScriptFile/desc###69" cfgVisible="$$$/Configurator/Attribute/visible/value###70" fileUrl="$$$/Configurator/key_###71" icon="ps_script_file" overIcon="ps_script_file_r" showIcon="false" mouseUpIcon="icons/IconUp/onionskinsettings.png" x="336" y="0" width="30" height="30" mouseOverIcon="icons/IconOver/onionskinsettings.png"/>
      <ps_script_file _itemId="ps_actionscript_scriptfile" label="$$$/Configurator/ActionScript/ScriptFile/name###64" toolTip="$$$/Configurator/ActionScript/ScriptFile/desc###65" cfgVisible="$$$/Configurator/Attribute/visible/value###66" fileUrl="$$$/Configurator/key_###67" icon="ps_script_file" overIcon="ps_script_file_r" showIcon="false" mouseUpIcon="icons/IconUp/onionskin.png" x="304" y="0" width="30" height="30" mouseOverIcon="icons/IconOver/onionskin.png"/>
      <ps_script_file _itemId="ps_actionscript_scriptfile" label="$$$/Configurator/ActionScript/ScriptFile/name###60" toolTip="$$$/Configurator/ActionScript/ScriptFile/desc###61" cfgVisible="$$$/Configurator/Attribute/visible/value###62" fileUrl="$$$/Configurator/key_###63" icon="ps_script_file" overIcon="ps_script_file_r" showIcon="false" mouseUpIcon="icons/IconUp/deleteframe.png" x="264" y="0" width="30" height="30" mouseOverIcon="icons/IconOver/deleteframe.png"/>
      <ps_script_file _itemId="ps_actionscript_scriptfile" label="$$$/Configurator/ActionScript/ScriptFile/name###56" toolTip="$$$/Configurator/ActionScript/ScriptFile/desc###57" cfgVisible="$$$/Configurator/Attribute/visible/value###58" fileUrl="$$$/Configurator/key_###59" icon="ps_script_file" overIcon="ps_script_file_r" showIcon="false" mouseUpIcon="icons/IconUp/duplicateframe.png" x="232" y="0" width="30" height="30" mouseOverIcon="icons/IconOver/duplicateframe.png"/>
      <ps_script_file _itemId="ps_actionscript_scriptfile" label="$$$/Configurator/ActionScript/ScriptFile/name###52" toolTip="$$$/Configurator/ActionScript/ScriptFile/desc###53" cfgVisible="$$$/Configurator/Attribute/visible/value###54" fileUrl="$$$/Configurator/key_###55" icon="ps_script_file" overIcon="ps_script_file_r" showIcon="false" mouseUpIcon="icons/IconUp/newframetwo.png" x="200" y="0" width="30" height="30" mouseOverIcon="icons/IconOver/newframetwo.png"/>
      <ps_script_file _itemId="ps_actionscript_scriptfile" label="$$$/Configurator/ActionScript/ScriptFile/name###48" toolTip="$$$/Configurator/ActionScript/ScriptFile/desc###49" cfgVisible="$$$/Configurator/Attribute/visible/value###50" fileUrl="$$$/Configurator/key_###51" icon="ps_script_file" overIcon="ps_script_file_r" showIcon="false" mouseUpIcon="icons/IconUp/newframeone.png" x="168" y="0" width="30" height="30" mouseOverIcon="icons/IconOver/newframeone.png"/>
      <ps_script_file _itemId="ps_actionscript_scriptfile" label="$$$/Configurator/ActionScript/ScriptFile/name###76" toolTip="$$$/Configurator/ActionScript/ScriptFile/desc###77" cfgVisible="$$$/Configurator/Attribute/visible/value###78" fileUrl="$$$/Configurator/key_###79" icon="ps_script_file" overIcon="ps_script_file_r" showIcon="false" mouseUpIcon="icons/IconUp/expominus.png" x="376" y="0" width="30" height="30" mouseOverIcon="icons/IconOver/expominus.png"/>
      <ps_script_file _itemId="ps_actionscript_scriptfile" label="$$$/Configurator/ActionScript/ScriptFile/name###80" toolTip="$$$/Configurator/ActionScript/ScriptFile/desc###81" cfgVisible="$$$/Configurator/Attribute/visible/value###82" fileUrl="$$$/Configurator/key_###83" icon="ps_script_file" overIcon="ps_script_file_r" showIcon="false" mouseUpIcon="icons/IconUp/expoplus.png" x="408" y="0" width="30" height="30" mouseOverIcon="icons/IconOver/expoplus.png"/>
      <ps_script_file _itemId="ps_actionscript_scriptfile" label="$$$/Configurator/ActionScript/ScriptFile/name###96" toolTip="$$$/Configurator/ActionScript/ScriptFile/desc###97" cfgVisible="$$$/Configurator/Attribute/visible/value###98" fileUrl="$$$/Configurator/key_###99" icon="ps_script_file" overIcon="ps_script_file_r" showIcon="false" mouseUpIcon="icons/IconUp/colorsquarered.png" x="448" y="0" width="30" height="30" mouseOverIcon="icons/IconOver/colorsquarered.png"/>
      <ps_script_file _itemId="ps_actionscript_scriptfile" label="$$$/Configurator/ActionScript/ScriptFile/name###104" toolTip="$$$/Configurator/ActionScript/ScriptFile/desc###105" cfgVisible="$$$/Configurator/Attribute/visible/value###106" fileUrl="$$$/Configurator/key_###107" icon="ps_script_file" overIcon="ps_script_file_r" showIcon="false" mouseUpIcon="icons/IconUp/colorsquaregreen.png" x="480" y="0" width="30" height="30" mouseOverIcon="icons/IconOver/colorsquaregreen.png"/>
      <ps_script_file _itemId="ps_actionscript_scriptfile" label="$$$/Configurator/ActionScript/ScriptFile/name###100" toolTip="$$$/Configurator/ActionScript/ScriptFile/desc###101" cfgVisible="$$$/Configurator/Attribute/visible/value###102" fileUrl="$$$/Configurator/key_###103" icon="ps_script_file" overIcon="ps_script_file_r" showIcon="false" mouseUpIcon="icons/IconUp/colorsquareblue.png" x="512" y="0" width="30" height="30" mouseOverIcon="icons/IconOver/colorsquareblue.png"/>
      <ps_script_file _itemId="ps_actionscript_scriptfile" label="$$$/Configurator/ActionScript/ScriptFile/name###108" toolTip="$$$/Configurator/ActionScript/ScriptFile/desc###109" cfgVisible="$$$/Configurator/Attribute/visible/value###110" fileUrl="$$$/Configurator/key_###111" icon="ps_script_file" overIcon="ps_script_file_r" showIcon="false" mouseUpIcon="icons/IconUp/colornone.png" x="544" y="0" width="30" height="30" mouseOverIcon="icons/IconOver/colornone.png"/>
      <ps_script_file _itemId="ps_actionscript_scriptfile" label="$$$/Configurator/ActionScript/ScriptFile/name###116" toolTip="$$$/Configurator/ActionScript/ScriptFile/desc###117" cfgVisible="$$$/Configurator/Attribute/visible/value###118" fileUrl="$$$/Configurator/key_###119" icon="ps_script_file" overIcon="ps_script_file_r" showIcon="false" mouseUpIcon="icons/IconUp/inbetweenprevious.png" x="584" y="0" width="30" height="30" mouseOverIcon="icons/IconOver/inbetweenprevious.png"/>
      <ps_script_file _itemId="ps_actionscript_scriptfile" label="$$$/Configurator/ActionScript/ScriptFile/name###112" toolTip="$$$/Configurator/ActionScript/ScriptFile/desc###113" cfgVisible="$$$/Configurator/Attribute/visible/value###114" fileUrl="$$$/Configurator/key_###115" icon="ps_script_file" overIcon="ps_script_file_r" showIcon="false" mouseUpIcon="icons/IconUp/inbetweennew.png" x="616" y="0" width="30" height="30" mouseOverIcon="icons/IconOver/inbetweennew.png"/>
      <ps_script_file _itemId="ps_actionscript_scriptfile" label="$$$/Configurator/ActionScript/ScriptFile/name###120" toolTip="$$$/Configurator/ActionScript/ScriptFile/desc###121" cfgVisible="$$$/Configurator/Attribute/visible/value###122" fileUrl="$$$/Configurator/key_###123" icon="ps_script_file" overIcon="ps_script_file_r" showIcon="false" mouseUpIcon="icons/IconUp/inbetweennext.png" x="648" y="0" width="30" height="30" mouseOverIcon="icons/IconOver/inbetweennext.png"/>
      <ps_script_file _itemId="ps_actionscript_scriptfile" label="$$$/Configurator/ActionScript/ScriptFile/name###124" toolTip="$$$/Configurator/ActionScript/ScriptFile/desc###125" cfgVisible="$$$/Configurator/Attribute/visible/value###126" fileUrl="$$$/Configurator/key_###127" icon="ps_script_file" overIcon="ps_script_file_r" showIcon="false" mouseUpIcon="icons/IconUp/playheadbegin.png" x="688" y="0" width="30" height="30" mouseOverIcon="icons/IconOver/playheadbegin.png"/>
      <ps_script_file _itemId="ps_actionscript_scriptfile" label="$$$/Configurator/ActionScript/ScriptFile/name###128" toolTip="$$$/Configurator/ActionScript/ScriptFile/desc###129" cfgVisible="$$$/Configurator/Attribute/visible/value###130" fileUrl="$$$/Configurator/key_###131" icon="ps_script_file" overIcon="ps_script_file_r" showIcon="false" mouseUpIcon="icons/IconUp/playheadend.png" x="720" y="0" width="30" height="30" mouseOverIcon="icons/IconOver/playheadend.png"/>
      <ps_script_file _itemId="ps_actionscript_scriptfile" label="$$$/Configurator/ActionScript/ScriptFile/name###132" toolTip="$$$/Configurator/ActionScript/ScriptFile/desc###133" cfgVisible="$$$/Configurator/Attribute/visible/value###134" fileUrl="$$$/Configurator/key_###135" icon="ps_script_file" overIcon="ps_script_file_r" showIcon="false" mouseUpIcon="icons/IconUp/commentedit.png" x="760" y="0" width="30" height="30" mouseOverIcon="icons/IconOver/commentedit.png"/>
      <ps_script_file _itemId="ps_actionscript_scriptfile" label="$$$/Configurator/ActionScript/ScriptFile/name###136" toolTip="$$$/Configurator/ActionScript/ScriptFile/desc###137" cfgVisible="$$$/Configurator/Attribute/visible/value###138" fileUrl="$$$/Configurator/key_###139" icon="ps_script_file" overIcon="ps_script_file_r" showIcon="false" mouseUpIcon="icons/IconUp/commentshtml.png" x="792" y="0" width="30" height="30" mouseOverIcon="icons/IconOver/commentshtml.png"/>
      <ps_script_file _itemId="ps_actionscript_scriptfile" label="$$$/Configurator/ActionScript/ScriptFile/name###140" toolTip="$$$/Configurator/ActionScript/ScriptFile/desc###141" cfgVisible="$$$/Configurator/Attribute/visible/value###142" fileUrl="$$$/Configurator/key_###143" icon="ps_script_file" overIcon="ps_script_file_r" showIcon="false" mouseUpIcon="icons/IconUp/commentstext.png" x="824" y="0" width="30" height="30" mouseOverIcon="icons/IconOver/commentstext.png"/>
      <ps_script_file _itemId="ps_actionscript_scriptfile" label="$$$/Configurator/ActionScript/ScriptFile/name###144" toolTip="$$$/Configurator/ActionScript/ScriptFile/desc###145" cfgVisible="$$$/Configurator/Attribute/visible/value###146" fileUrl="$$$/Configurator/key_###147" icon="ps_script_file" overIcon="ps_script_file_r" showIcon="false" mouseUpIcon="icons/IconUp/videoshortcuts.png" x="864" y="0" width="30" height="30" mouseOverIcon="icons/IconOver/videoshortcuts.png"/>
    </canvas>
  </ConfiguratorPanel>
  <images>
    <image id="ps_script_file" swf="bundles/PHSP-13/PHSP13Bundle.swf_" className="PHSP13Bundle" varName="ps_script_file"/>
    <image id="ps_script_file_r" swf="bundles/PHSP-13/PHSP13Bundle.swf_" className="PHSP13Bundle" varName="ps_script_file_r"/>
    <image id="ps_script_file" swf="bundles/PHSP-13/PHSP13Bundle.swf_" className="PHSP13Bundle" varName="ps_script_file"/>
    <image id="ps_script_file_r" swf="bundles/PHSP-13/PHSP13Bundle.swf_" className="PHSP13Bundle" varName="ps_script_file_r"/>
    <image id="ps_script_file" swf="bundles/PHSP-13/PHSP13Bundle.swf_" className="PHSP13Bundle" varName="ps_script_file"/>
    <image id="ps_script_file_r" swf="bundles/PHSP-13/PHSP13Bundle.swf_" className="PHSP13Bundle" varName="ps_script_file_r"/>
    <image id="ps_script_file" swf="bundles/PHSP-13/PHSP13Bundle.swf_" className="PHSP13Bundle" varName="ps_script_file"/>
    <image id="ps_script_file_r" swf="bundles/PHSP-13/PHSP13Bundle.swf_" className="PHSP13Bundle" varName="ps_script_file_r"/>
    <image id="ps_script_file" swf="bundles/PHSP-13/PHSP13Bundle.swf_" className="PHSP13Bundle" varName="ps_script_file"/>
    <image id="ps_script_file_r" swf="bundles/PHSP-13/PHSP13Bundle.swf_" className="PHSP13Bundle" varName="ps_script_file_r"/>
    <image id="ps_script_file" swf="bundles/PHSP-13/PHSP13Bundle.swf_" className="PHSP13Bundle" varName="ps_script_file"/>
    <image id="ps_script_file_r" swf="bundles/PHSP-13/PHSP13Bundle.swf_" className="PHSP13Bundle" varName="ps_script_file_r"/>
    <image id="ps_script_file" swf="bundles/PHSP-13/PHSP13Bundle.swf_" className="PHSP13Bundle" varName="ps_script_file"/>
    <image id="ps_script_file_r" swf="bundles/PHSP-13/PHSP13Bundle.swf_" className="PHSP13Bundle" varName="ps_script_file_r"/>
    <image id="ps_script_file" swf="bundles/PHSP-13/PHSP13Bundle.swf_" className="PHSP13Bundle" varName="ps_script_file"/>
    <image id="ps_script_file_r" swf="bundles/PHSP-13/PHSP13Bundle.swf_" className="PHSP13Bundle" varName="ps_script_file_r"/>
    <image id="ps_script_file" swf="bundles/PHSP-13/PHSP13Bundle.swf_" className="PHSP13Bundle" varName="ps_script_file"/>
    <image id="ps_script_file_r" swf="bundles/PHSP-13/PHSP13Bundle.swf_" className="PHSP13Bundle" varName="ps_script_file_r"/>
    <image id="ps_script_file" swf="bundles/PHSP-13/PHSP13Bundle.swf_" className="PHSP13Bundle" varName="ps_script_file"/>
    <image id="ps_script_file_r" swf="bundles/PHSP-13/PHSP13Bundle.swf_" className="PHSP13Bundle" varName="ps_script_file_r"/>
    <image id="ps_script_file" swf="bundles/PHSP-13/PHSP13Bundle.swf_" className="PHSP13Bundle" varName="ps_script_file"/>
    <image id="ps_script_file_r" swf="bundles/PHSP-13/PHSP13Bundle.swf_" className="PHSP13Bundle" varName="ps_script_file_r"/>
    <image id="ps_script_file" swf="bundles/PHSP-13/PHSP13Bundle.swf_" className="PHSP13Bundle" varName="ps_script_file"/>
    <image id="ps_script_file_r" swf="bundles/PHSP-13/PHSP13Bundle.swf_" className="PHSP13Bundle" varName="ps_script_file_r"/>
    <image id="ps_script_file" swf="bundles/PHSP-13/PHSP13Bundle.swf_" className="PHSP13Bundle" varName="ps_script_file"/>
    <image id="ps_script_file_r" swf="bundles/PHSP-13/PHSP13Bundle.swf_" className="PHSP13Bundle" varName="ps_script_file_r"/>
    <image id="ps_script_file" swf="bundles/PHSP-13/PHSP13Bundle.swf_" className="PHSP13Bundle" varName="ps_script_file"/>
    <image id="ps_script_file_r" swf="bundles/PHSP-13/PHSP13Bundle.swf_" className="PHSP13Bundle" varName="ps_script_file_r"/>
    <image id="ps_script_file" swf="bundles/PHSP-13/PHSP13Bundle.swf_" className="PHSP13Bundle" varName="ps_script_file"/>
    <image id="ps_script_file_r" swf="bundles/PHSP-13/PHSP13Bundle.swf_" className="PHSP13Bundle" varName="ps_script_file_r"/>
    <image id="ps_script_file" swf="bundles/PHSP-13/PHSP13Bundle.swf_" className="PHSP13Bundle" varName="ps_script_file"/>
    <image id="ps_script_file_r" swf="bundles/PHSP-13/PHSP13Bundle.swf_" className="PHSP13Bundle" varName="ps_script_file_r"/>
    <image id="ps_script_file" swf="bundles/PHSP-13/PHSP13Bundle.swf_" className="PHSP13Bundle" varName="ps_script_file"/>
    <image id="ps_script_file_r" swf="bundles/PHSP-13/PHSP13Bundle.swf_" className="PHSP13Bundle" varName="ps_script_file_r"/>
    <image id="ps_script_file" swf="bundles/PHSP-13/PHSP13Bundle.swf_" className="PHSP13Bundle" varName="ps_script_file"/>
    <image id="ps_script_file_r" swf="bundles/PHSP-13/PHSP13Bundle.swf_" className="PHSP13Bundle" varName="ps_script_file_r"/>
    <image id="ps_script_file" swf="bundles/PHSP-13/PHSP13Bundle.swf_" className="PHSP13Bundle" varName="ps_script_file"/>
    <image id="ps_script_file_r" swf="bundles/PHSP-13/PHSP13Bundle.swf_" className="PHSP13Bundle" varName="ps_script_file_r"/>
    <image id="ps_script_file" swf="bundles/PHSP-13/PHSP13Bundle.swf_" className="PHSP13Bundle" varName="ps_script_file"/>
    <image id="ps_script_file_r" swf="bundles/PHSP-13/PHSP13Bundle.swf_" className="PHSP13Bundle" varName="ps_script_file_r"/>
    <image id="ps_script_file" swf="bundles/PHSP-13/PHSP13Bundle.swf_" className="PHSP13Bundle" varName="ps_script_file"/>
    <image id="ps_script_file_r" swf="bundles/PHSP-13/PHSP13Bundle.swf_" className="PHSP13Bundle" varName="ps_script_file_r"/>
    <image id="ps_script_file" swf="bundles/PHSP-13/PHSP13Bundle.swf_" className="PHSP13Bundle" varName="ps_script_file"/>
    <image id="ps_script_file_r" swf="bundles/PHSP-13/PHSP13Bundle.swf_" className="PHSP13Bundle" varName="ps_script_file_r"/>
    <image id="ps_script_file" swf="bundles/PHSP-13/PHSP13Bundle.swf_" className="PHSP13Bundle" varName="ps_script_file"/>
    <image id="ps_script_file_r" swf="bundles/PHSP-13/PHSP13Bundle.swf_" className="PHSP13Bundle" varName="ps_script_file_r"/>
    <image id="ps_script_file" swf="bundles/PHSP-13/PHSP13Bundle.swf_" className="PHSP13Bundle" varName="ps_script_file"/>
    <image id="ps_script_file_r" swf="bundles/PHSP-13/PHSP13Bundle.swf_" className="PHSP13Bundle" varName="ps_script_file_r"/>
    <image id="ps_script_file" swf="bundles/PHSP-13/PHSP13Bundle.swf_" className="PHSP13Bundle" varName="ps_script_file"/>
    <image id="ps_script_file_r" swf="bundles/PHSP-13/PHSP13Bundle.swf_" className="PHSP13Bundle" varName="ps_script_file_r"/>
    <image id="ps_script_file" swf="bundles/PHSP-13/PHSP13Bundle.swf_" className="PHSP13Bundle" varName="ps_script_file"/>
    <image id="ps_script_file_r" swf="bundles/PHSP-13/PHSP13Bundle.swf_" className="PHSP13Bundle" varName="ps_script_file_r"/>
  </images>
  <scripts/>
  <elements>
    <element id="ConfiguratorPanel" classRT="com.adobe.configurator2.component.panel.PanelRuntime">
      <attr id="name" meta="UI_ACCESSOR" translate="y"/>
      <attr id="minWidth" meta="UI_ACCESSOR" translate="y"/>
      <attr id="minHeight" meta="UI_ACCESSOR" translate="y"/>
      <attr id="maxWidth" meta="UI_ACCESSOR" translate="y"/>
      <attr id="maxHeight" meta="UI_ACCESSOR" translate="y"/>
      <attr id="persistent" meta="Other" translate="y"/>
      <attr id="extensionId" meta="Other" translate="y"/>
      <attr id="extensionVersion" meta="Other" translate="y"/>
      <attr id="extensionAuthor" meta="Other" translate="y"/>
      <attr id="extensionDescription" meta="Other" translate="y"/>
      <attr id="menuName" meta="Other" translate="y"/>
      <attr id="init" meta="EVENT" translate="y"/>
      <attr id="close" meta="EVENT" translate="y"/>
      <attr id="onInit" meta="UI_ACCESSOR" translate="y"/>
      <attr id="aboutBox" meta="UI_ACCESSOR" localize="y" translate="y"/>
      <attr id="flyoutMenuAbout" meta="Other" localize="y" translate="y"/>
      <attr id="normalIcon" meta="UI_ACCESSOR" translate="y"/>
      <attr id="rollOverIcon" meta="UI_ACCESSOR" translate="y"/>
      <attr id="darkNormalIcon" meta="UI_ACCESSOR" translate="y"/>
      <attr id="width" meta="UI_ACCESSOR" translate="y"/>
      <attr id="height" meta="UI_ACCESSOR" translate="y"/>
    </element>
    <element id="canvas" classRT="mx.containers.Canvas">
      <attr id="label" meta="UI_ACCESSOR" localize="y" translate="y"/>
      <attr id="toolTip" meta="UI_ACCESSOR" localize="y" translate="y"/>
      <attr id="top" meta="UI_STYLE" translate="y"/>
      <attr id="bottom" meta="UI_STYLE" translate="y"/>
      <attr id="left" meta="UI_STYLE" translate="y"/>
      <attr id="right" meta="UI_STYLE" translate="y"/>
      <attr id="horizontalCenter" meta="UI_STYLE" translate="y"/>
      <attr id="verticalCenter" meta="UI_STYLE" translate="y"/>
      <attr id="x" meta="UI_ACCESSOR" translate="y"/>
      <attr id="y" meta="UI_ACCESSOR" translate="y"/>
      <attr id="cfgVisible" meta="UI_ACCESSOR" localize="y"/>
      <attr id="width" meta="UI_ACCESSOR" translate="y"/>
      <attr id="height" meta="UI_ACCESSOR" translate="y"/>
    </element>
    <element id="ps_script_file" classRT="com.adobe.configurator2.component.ScriptFileButtonRunTime">
      <attr id="fileUrl" meta="UI_ACCESSOR" localize="y" translate="y"/>
      <attr id="icon" meta="UI_STYLE" localize="y" translate="y"/>
      <attr id="label" meta="UI_ACCESSOR" localize="y" translate="y"/>
      <attr id="toolTip" meta="UI_ACCESSOR" localize="y" translate="y"/>
      <attr id="showIcon" meta="UI_ACCESSOR" translate="y"/>
      <attr id="mouseUpIcon" meta="UI_ACCESSOR" translate="y"/>
      <attr id="mouseOverIcon" meta="UI_ACCESSOR" translate="y"/>
      <attr id="mouseDownSkinIcon" meta="UI_ACCESSOR" translate="y"/>
      <attr id="top" meta="UI_STYLE" translate="y"/>
      <attr id="bottom" meta="UI_STYLE" translate="y"/>
      <attr id="left" meta="UI_STYLE" translate="y"/>
      <attr id="right" meta="UI_STYLE" translate="y"/>
      <attr id="horizontalCenter" meta="UI_STYLE" translate="y"/>
      <attr id="verticalCenter" meta="UI_STYLE" translate="y"/>
      <attr id="x" meta="UI_ACCESSOR" translate="y"/>
      <attr id="y" meta="UI_ACCESSOR" translate="y"/>
      <attr id="cfgVisible" meta="UI_ACCESSOR" localize="y"/>
      <attr id="width" meta="UI_ACCESSOR" translate="y"/>
      <attr id="height" meta="UI_ACCESSOR" translate="y"/>
      <attr id="top" meta="UI_STYLE" translate="y"/>
      <attr id="bottom" meta="UI_STYLE" translate="y"/>
      <attr id="left" meta="UI_STYLE" translate="y"/>
      <attr id="right" meta="UI_STYLE" translate="y"/>
      <attr id="horizontalCenter" meta="UI_STYLE" translate="y"/>
      <attr id="verticalCenter" meta="UI_STYLE" translate="y"/>
      <attr id="x" meta="UI_ACCESSOR" translate="y"/>
      <attr id="y" meta="UI_ACCESSOR" translate="y"/>
      <attr id="cfgVisible" meta="UI_ACCESSOR" localize="y"/>
      <attr id="width" meta="UI_ACCESSOR" translate="y"/>
      <attr id="height" meta="UI_ACCESSOR" translate="y"/>
    </element>
  </elements>
  <properties>
    <property id="LocaleSearchPath1">${HostProductRoot}/Locales/${LocaleID}/Support Files/Panels/fsPanels.xml</property>
    <property id="LocaleSearchPath2">${HostProductRoot}/Locales/${LocaleID}/Support Files/Panels/${PanelName}/dictionary.xml</property>
  </properties>
</gpc>