<?xml version="1.0" encoding="utf-8"?>
<gpc defaultLocale="en_US" version="4" keySequence="162" currentLocale="fr_FR">
  <product appid="PHSP" version="13" name="Photoshop CS6"/>
  <target id="PHSP-13"/>
  <ConfiguratorPanel name="AnimCouleur" width="860" height="55" minHeight="40" init="doInit" close="doClose" persistent="True" extensionId="com.sbaril.animcouleurcs6" extensionVersion="3.0.0" menuName="AnimCouleur" flyoutMenuAbout="$$$/Configurator/FlyoutMenu/about" minWidth="860" maxHeight="60" normalIcon="AnimCouleurLight.png" darkNormalIcon="AnimCouleurDark.png">
    <onInit><![CDATA[]]></onInit>
    <aboutBox><![CDATA[Created by Stéphane Baril, Krystal Woods and Jonathan Ferman<br /><br />Créé par Stéphane Baril, Krystal Woods et Jonathan Ferman<br /><br />Created with Configurator<br/><p>Created By <a href='http://kimtag.com/sbaril' target='_blank'>Stéphane Baril</a> using <a href='http://labs.adobe.com/technologies/configurator/' target='_blank'>Configurator</a></p>]]></aboutBox>
    <extensionDescription><![CDATA[This panel is available for Photoshop CS6 and Photoshop CS6 Extended. It allows you to draw handmade cell animations by simplifying the process, as test the movie, set the duration of a keyframe…]]></extensionDescription>
    <extensionAuthor><![CDATA[Stéphane Baril]]></extensionAuthor>
    <onClose><![CDATA[]]></onClose>
    <eventListeners>
      <function id="doInit" actionType="jsfunction" jsFunctionName="invoke_script">
        <param id="onInit"/>
      </function>
      <function id="doClose" actionType="jsfunction" jsFunctionName="invoke_script">
        <param id="onClose"/>
      </function>
    </eventListeners>
    <canvas _itemId="container_canvas" toolTip="$$$/Configurator/Container/Canvas/desc" label="$$$/Configurator/key_###26" width="100%" height="100%" cfgVisible="$$$/Configurator/Attribute/visible/value###27" top="5" bottom="0" left="5" right="5" x="0" y="0">
      <ps_script_file _itemId="ps_actionscript_scriptfile" label="$$$/Configurator/ActionScript/ScriptFile/name###28" toolTip="$$$/Configurator/ActionScript/ScriptFile/desc###29" cfgVisible="$$$/Configurator/Attribute/visible/value###30" fileUrl="$$$/Configurator/key_###31" icon="ps_script_file" overIcon="ps_script_file_r" showIcon="false" mouseUpIcon="icons/IconUp/newemptyvideo.png" x="0" y="0" width="30" height="30" mouseOverIcon="icons/IconOver/newemptyvideo.png"/>
      <ps_script_file _itemId="ps_actionscript_scriptfile" label="$$$/Configurator/ActionScript/ScriptFile/name###36" toolTip="$$$/Configurator/ActionScript/ScriptFile/desc###37" cfgVisible="$$$/Configurator/Attribute/visible/value###38" fileUrl="$$$/Configurator/key_###39" icon="ps_script_file" overIcon="ps_script_file_r" showIcon="false" mouseUpIcon="icons/IconUp/infos.png" x="40" y="0" width="30" height="30" mouseOverIcon="icons/IconOver/infos.png"/>
      <ps_script_file _itemId="ps_actionscript_scriptfile" label="$$$/Configurator/ActionScript/ScriptFile/name###40" toolTip="$$$/Configurator/ActionScript/ScriptFile/desc###41" cfgVisible="$$$/Configurator/Attribute/visible/value###42" fileUrl="$$$/Configurator/key_###43" icon="ps_script_file" overIcon="ps_script_file_r" showIcon="false" mouseUpIcon="icons/IconUp/colorpicker.png" x="80" y="0" width="30" height="30" mouseOverIcon="icons/IconOver/colorpicker.png"/>
      <ps_script_file _itemId="ps_actionscript_scriptfile" label="$$$/Configurator/ActionScript/ScriptFile/name###44" toolTip="$$$/Configurator/ActionScript/ScriptFile/desc###45" cfgVisible="$$$/Configurator/Attribute/visible/value###46" fileUrl="$$$/Configurator/key_###47" icon="ps_script_file" overIcon="ps_script_file_r" showIcon="false" mouseUpIcon="icons/IconUp/penciltoolclose.png" x="112" y="0" width="30" height="30" mouseOverIcon="icons/IconOver/penciltoolclose.png"/>
      <ps_script_file _itemId="ps_actionscript_scriptfile" label="$$$/Configurator/ActionScript/ScriptFile/name###155" toolTip="$$$/Configurator/ActionScript/ScriptFile/desc###156" cfgVisible="$$$/Configurator/Attribute/visible/value###157" fileUrl="$$$/Configurator/key_###158" icon="ps_script_file" overIcon="ps_script_file_r" showIcon="false" mouseUpIcon="icons/IconUp/magicwandtoolall.png" x="144" y="0" width="30" height="30" mouseOverIcon="icons/IconOver/magicwandtoolall.png"/>
      <ps_script_file _itemId="ps_actionscript_scriptfile" label="$$$/Configurator/ActionScript/ScriptFile/name###68" toolTip="$$$/Configurator/ActionScript/ScriptFile/desc###69" cfgVisible="$$$/Configurator/Attribute/visible/value###70" fileUrl="$$$/Configurator/key_###71" icon="ps_script_file" overIcon="ps_script_file_r" showIcon="false" mouseUpIcon="icons/IconUp/expand2fillnext.png" x="344" y="0" width="30" height="30" mouseOverIcon="icons/IconOver/expand2fillnext.png"/>
      <ps_script_file _itemId="ps_actionscript_scriptfile" label="$$$/Configurator/ActionScript/ScriptFile/name###64" toolTip="$$$/Configurator/ActionScript/ScriptFile/desc###65" cfgVisible="$$$/Configurator/Attribute/visible/value###66" fileUrl="$$$/Configurator/key_###67" icon="ps_script_file" overIcon="ps_script_file_r" showIcon="false" mouseUpIcon="icons/IconUp/expand1fillnext.png" x="312" y="0" width="30" height="30" mouseOverIcon="icons/IconOver/expand1fillnext.png"/>
      <ps_script_file _itemId="ps_actionscript_scriptfile" label="$$$/Configurator/ActionScript/ScriptFile/name###60" toolTip="$$$/Configurator/ActionScript/ScriptFile/desc###61" cfgVisible="$$$/Configurator/Attribute/visible/value###62" fileUrl="$$$/Configurator/key_###63" icon="ps_script_file" overIcon="ps_script_file_r" showIcon="false" mouseUpIcon="icons/IconUp/deselect.png" x="272" y="0" width="30" height="30" mouseOverIcon="icons/IconOver/deselect.png"/>
      <ps_script_file _itemId="ps_actionscript_scriptfile" label="$$$/Configurator/ActionScript/ScriptFile/name###56" toolTip="$$$/Configurator/ActionScript/ScriptFile/desc###57" cfgVisible="$$$/Configurator/Attribute/visible/value###58" fileUrl="$$$/Configurator/key_###59" icon="ps_script_file" overIcon="ps_script_file_r" showIcon="false" mouseUpIcon="icons/IconUp/fill.png" x="240" y="0" width="30" height="30" mouseOverIcon="icons/IconOver/fill.png"/>
      <ps_script_file _itemId="ps_actionscript_scriptfile" label="$$$/Configurator/ActionScript/ScriptFile/name###52" toolTip="$$$/Configurator/ActionScript/ScriptFile/desc###53" cfgVisible="$$$/Configurator/Attribute/visible/value###54" fileUrl="$$$/Configurator/key_###55" icon="ps_script_file" overIcon="ps_script_file_r" showIcon="false" mouseUpIcon="icons/IconUp/selectioncontract.png" x="208" y="0" width="30" height="30" mouseOverIcon="icons/IconOver/selectioncontract.png"/>
      <ps_script_file _itemId="ps_actionscript_scriptfile" label="$$$/Configurator/ActionScript/ScriptFile/name###48" toolTip="$$$/Configurator/ActionScript/ScriptFile/desc###49" cfgVisible="$$$/Configurator/Attribute/visible/value###50" fileUrl="$$$/Configurator/key_###51" icon="ps_script_file" overIcon="ps_script_file_r" showIcon="false" mouseUpIcon="icons/IconUp/selectionexpands.png" x="176" y="0" width="30" height="30" mouseOverIcon="icons/IconOver/selectionexpands.png"/>
      <ps_script_file _itemId="ps_actionscript_scriptfile" label="$$$/Configurator/ActionScript/ScriptFile/name###76" toolTip="$$$/Configurator/ActionScript/ScriptFile/desc###77" cfgVisible="$$$/Configurator/Attribute/visible/value###78" fileUrl="$$$/Configurator/key_###79" icon="ps_script_file" overIcon="ps_script_file_r" showIcon="false" mouseUpIcon="icons/IconUp/paintbuckettoolall2.png" x="384" y="0" width="30" height="30" mouseOverIcon="icons/IconOver/paintbuckettoolall2.png"/>
      <ps_script_file _itemId="ps_actionscript_scriptfile" label="$$$/Configurator/ActionScript/ScriptFile/name###80" toolTip="$$$/Configurator/ActionScript/ScriptFile/desc###81" cfgVisible="$$$/Configurator/Attribute/visible/value###82" fileUrl="$$$/Configurator/key_###83" icon="ps_script_file" overIcon="ps_script_file_r" showIcon="false" mouseUpIcon="icons/IconUp/lassotool.png" x="424" y="0" width="30" height="30" mouseOverIcon="icons/IconOver/lassotool.png"/>
      <ps_script_file _itemId="ps_actionscript_scriptfile" label="$$$/Configurator/ActionScript/ScriptFile/name###96" toolTip="$$$/Configurator/ActionScript/ScriptFile/desc###97" cfgVisible="$$$/Configurator/Attribute/visible/value###98" fileUrl="$$$/Configurator/key_###99" icon="ps_script_file" overIcon="ps_script_file_r" showIcon="false" mouseUpIcon="icons/IconUp/brushtool.png" x="456" y="0" width="30" height="30" mouseOverIcon="icons/IconOver/brushtool.png"/>
      <ps_script_file _itemId="ps_actionscript_scriptfile" label="$$$/Configurator/ActionScript/ScriptFile/name###104" toolTip="$$$/Configurator/ActionScript/ScriptFile/desc###105" cfgVisible="$$$/Configurator/Attribute/visible/value###106" fileUrl="$$$/Configurator/key_###107" icon="ps_script_file" overIcon="ps_script_file_r" showIcon="false" mouseUpIcon="icons/IconUp/mixerbrushtool.png" x="488" y="0" width="30" height="30" mouseOverIcon="icons/IconOver/mixerbrushtool.png"/>
      <ps_script_file _itemId="ps_actionscript_scriptfile" label="$$$/Configurator/ActionScript/ScriptFile/name###100" toolTip="$$$/Configurator/ActionScript/ScriptFile/desc###101" cfgVisible="$$$/Configurator/Attribute/visible/value###102" fileUrl="$$$/Configurator/key_###103" icon="ps_script_file" overIcon="ps_script_file_r" showIcon="false" mouseUpIcon="icons/IconUp/smudgetool.png" x="520" y="0" width="30" height="30" mouseOverIcon="icons/IconOver/smudgetool.png"/>
      <ps_script_file _itemId="ps_actionscript_scriptfile" label="$$$/Configurator/ActionScript/ScriptFile/name###108" toolTip="$$$/Configurator/ActionScript/ScriptFile/desc###109" cfgVisible="$$$/Configurator/Attribute/visible/value###110" fileUrl="$$$/Configurator/key_###111" icon="ps_script_file" overIcon="ps_script_file_r" showIcon="false" mouseUpIcon="icons/IconUp/newvideoshadow.png" x="560" y="0" width="30" height="30" mouseOverIcon="icons/IconOver/newvideoshadow.png"/>
      <ps_script_file _itemId="ps_actionscript_scriptfile" label="$$$/Configurator/ActionScript/ScriptFile/name###116" toolTip="$$$/Configurator/ActionScript/ScriptFile/desc###117" cfgVisible="$$$/Configurator/Attribute/visible/value###118" fileUrl="$$$/Configurator/key_###119" icon="ps_script_file" overIcon="ps_script_file_r" showIcon="false" mouseUpIcon="icons/IconUp/newvideolight.png" x="592" y="0" width="30" height="30" mouseOverIcon="icons/IconOver/newvideolight.png"/>
      <ps_script_file _itemId="ps_actionscript_scriptfile" label="$$$/Configurator/ActionScript/ScriptFile/name###112" toolTip="$$$/Configurator/ActionScript/ScriptFile/desc###113" cfgVisible="$$$/Configurator/Attribute/visible/value###114" fileUrl="$$$/Configurator/key_###115" icon="ps_script_file" overIcon="ps_script_file_r" showIcon="false" mouseUpIcon="icons/IconUp/duplicateframe.png" x="632" y="0" width="30" height="30" mouseOverIcon="icons/IconOver/duplicateframe.png"/>
      <ps_script_file _itemId="ps_actionscript_scriptfile" label="$$$/Configurator/ActionScript/ScriptFile/name###120" toolTip="$$$/Configurator/ActionScript/ScriptFile/desc###121" cfgVisible="$$$/Configurator/Attribute/visible/value###122" fileUrl="$$$/Configurator/key_###123" icon="ps_script_file" overIcon="ps_script_file_r" showIcon="false" mouseUpIcon="icons/IconUp/deleteFrame.png" x="664" y="0" width="30" height="30" mouseOverIcon="icons/IconOver/deleteFrame.png"/>
      <ps_script_file _itemId="ps_actionscript_scriptfile" label="$$$/Configurator/ActionScript/ScriptFile/name###124" toolTip="$$$/Configurator/ActionScript/ScriptFile/desc###125" cfgVisible="$$$/Configurator/Attribute/visible/value###126" fileUrl="$$$/Configurator/key_###127" icon="ps_script_file" overIcon="ps_script_file_r" showIcon="false" mouseUpIcon="icons/IconUp/duplicateframereselect.png" x="696" y="0" width="30" height="30" mouseOverIcon="icons/IconOver/duplicateframereselect.png"/>
      <ps_script_file _itemId="ps_actionscript_scriptfile" label="$$$/Configurator/ActionScript/ScriptFile/name###128" toolTip="$$$/Configurator/ActionScript/ScriptFile/desc###129" cfgVisible="$$$/Configurator/Attribute/visible/value###130" fileUrl="$$$/Configurator/key_###131" icon="ps_script_file" overIcon="ps_script_file_r" showIcon="false" mouseUpIcon="icons/IconUp/freetransform.png" x="736" y="0" width="30" height="30" mouseOverIcon="icons/IconOver/freetransform.png"/>
      <ps_script_file _itemId="ps_actionscript_scriptfile" label="$$$/Configurator/ActionScript/ScriptFile/name###132" toolTip="$$$/Configurator/ActionScript/ScriptFile/desc###133" cfgVisible="$$$/Configurator/Attribute/visible/value###134" fileUrl="$$$/Configurator/key_###135" icon="ps_script_file" overIcon="ps_script_file_r" showIcon="false" mouseUpIcon="icons/IconUp/warp.png" x="768" y="0" width="30" height="30" mouseOverIcon="icons/IconOver/warp.png"/>
      <ps_script_file _itemId="ps_actionscript_scriptfile" label="$$$/Configurator/ActionScript/ScriptFile/name###159" toolTip="$$$/Configurator/ActionScript/ScriptFile/desc###160" cfgVisible="$$$/Configurator/Attribute/visible/value###161" fileUrl="$$$/Configurator/key_###162" icon="ps_script_file" overIcon="ps_script_file_r" showIcon="false" mouseUpIcon="icons/IconUp/puppetwarp.png" x="800" y="0" width="30" height="30" mouseOverIcon="icons/IconOver/puppetwarp.png"/>
    </canvas>
  </ConfiguratorPanel>
  <images>
    <image id="ps_script_file" swf="bundles/PHSP-13/PHSP13Bundle.swf_" className="PHSP13Bundle" varName="ps_script_file"/>
    <image id="ps_script_file_r" swf="bundles/PHSP-13/PHSP13Bundle.swf_" className="PHSP13Bundle" varName="ps_script_file_r"/>
    <image id="ps_script_file" swf="bundles/PHSP-13/PHSP13Bundle.swf_" className="PHSP13Bundle" varName="ps_script_file"/>
    <image id="ps_script_file_r" swf="bundles/PHSP-13/PHSP13Bundle.swf_" className="PHSP13Bundle" varName="ps_script_file_r"/>
    <image id="ps_script_file" swf="bundles/PHSP-13/PHSP13Bundle.swf_" className="PHSP13Bundle" varName="ps_script_file"/>
    <image id="ps_script_file_r" swf="bundles/PHSP-13/PHSP13Bundle.swf_" className="PHSP13Bundle" varName="ps_script_file_r"/>
    <image id="ps_script_file" swf="bundles/PHSP-13/PHSP13Bundle.swf_" className="PHSP13Bundle" varName="ps_script_file"/>
    <image id="ps_script_file_r" swf="bundles/PHSP-13/PHSP13Bundle.swf_" className="PHSP13Bundle" varName="ps_script_file_r"/>
    <image id="ps_script_file" swf="bundles/PHSP-13/PHSP13Bundle.swf_" className="PHSP13Bundle" varName="ps_script_file"/>
    <image id="ps_script_file_r" swf="bundles/PHSP-13/PHSP13Bundle.swf_" className="PHSP13Bundle" varName="ps_script_file_r"/>
    <image id="ps_script_file" swf="bundles/PHSP-13/PHSP13Bundle.swf_" className="PHSP13Bundle" varName="ps_script_file"/>
    <image id="ps_script_file_r" swf="bundles/PHSP-13/PHSP13Bundle.swf_" className="PHSP13Bundle" varName="ps_script_file_r"/>
    <image id="ps_script_file" swf="bundles/PHSP-13/PHSP13Bundle.swf_" className="PHSP13Bundle" varName="ps_script_file"/>
    <image id="ps_script_file_r" swf="bundles/PHSP-13/PHSP13Bundle.swf_" className="PHSP13Bundle" varName="ps_script_file_r"/>
    <image id="ps_script_file" swf="bundles/PHSP-13/PHSP13Bundle.swf_" className="PHSP13Bundle" varName="ps_script_file"/>
    <image id="ps_script_file_r" swf="bundles/PHSP-13/PHSP13Bundle.swf_" className="PHSP13Bundle" varName="ps_script_file_r"/>
    <image id="ps_script_file" swf="bundles/PHSP-13/PHSP13Bundle.swf_" className="PHSP13Bundle" varName="ps_script_file"/>
    <image id="ps_script_file_r" swf="bundles/PHSP-13/PHSP13Bundle.swf_" className="PHSP13Bundle" varName="ps_script_file_r"/>
    <image id="ps_script_file" swf="bundles/PHSP-13/PHSP13Bundle.swf_" className="PHSP13Bundle" varName="ps_script_file"/>
    <image id="ps_script_file_r" swf="bundles/PHSP-13/PHSP13Bundle.swf_" className="PHSP13Bundle" varName="ps_script_file_r"/>
    <image id="ps_script_file" swf="bundles/PHSP-13/PHSP13Bundle.swf_" className="PHSP13Bundle" varName="ps_script_file"/>
    <image id="ps_script_file_r" swf="bundles/PHSP-13/PHSP13Bundle.swf_" className="PHSP13Bundle" varName="ps_script_file_r"/>
    <image id="ps_script_file" swf="bundles/PHSP-13/PHSP13Bundle.swf_" className="PHSP13Bundle" varName="ps_script_file"/>
    <image id="ps_script_file_r" swf="bundles/PHSP-13/PHSP13Bundle.swf_" className="PHSP13Bundle" varName="ps_script_file_r"/>
    <image id="ps_script_file" swf="bundles/PHSP-13/PHSP13Bundle.swf_" className="PHSP13Bundle" varName="ps_script_file"/>
    <image id="ps_script_file_r" swf="bundles/PHSP-13/PHSP13Bundle.swf_" className="PHSP13Bundle" varName="ps_script_file_r"/>
    <image id="ps_script_file" swf="bundles/PHSP-13/PHSP13Bundle.swf_" className="PHSP13Bundle" varName="ps_script_file"/>
    <image id="ps_script_file_r" swf="bundles/PHSP-13/PHSP13Bundle.swf_" className="PHSP13Bundle" varName="ps_script_file_r"/>
    <image id="ps_script_file" swf="bundles/PHSP-13/PHSP13Bundle.swf_" className="PHSP13Bundle" varName="ps_script_file"/>
    <image id="ps_script_file_r" swf="bundles/PHSP-13/PHSP13Bundle.swf_" className="PHSP13Bundle" varName="ps_script_file_r"/>
    <image id="ps_script_file" swf="bundles/PHSP-13/PHSP13Bundle.swf_" className="PHSP13Bundle" varName="ps_script_file"/>
    <image id="ps_script_file_r" swf="bundles/PHSP-13/PHSP13Bundle.swf_" className="PHSP13Bundle" varName="ps_script_file_r"/>
    <image id="ps_script_file" swf="bundles/PHSP-13/PHSP13Bundle.swf_" className="PHSP13Bundle" varName="ps_script_file"/>
    <image id="ps_script_file_r" swf="bundles/PHSP-13/PHSP13Bundle.swf_" className="PHSP13Bundle" varName="ps_script_file_r"/>
    <image id="ps_script_file" swf="bundles/PHSP-13/PHSP13Bundle.swf_" className="PHSP13Bundle" varName="ps_script_file"/>
    <image id="ps_script_file_r" swf="bundles/PHSP-13/PHSP13Bundle.swf_" className="PHSP13Bundle" varName="ps_script_file_r"/>
    <image id="ps_script_file" swf="bundles/PHSP-13/PHSP13Bundle.swf_" className="PHSP13Bundle" varName="ps_script_file"/>
    <image id="ps_script_file_r" swf="bundles/PHSP-13/PHSP13Bundle.swf_" className="PHSP13Bundle" varName="ps_script_file_r"/>
    <image id="ps_script_file" swf="bundles/PHSP-13/PHSP13Bundle.swf_" className="PHSP13Bundle" varName="ps_script_file"/>
    <image id="ps_script_file_r" swf="bundles/PHSP-13/PHSP13Bundle.swf_" className="PHSP13Bundle" varName="ps_script_file_r"/>
    <image id="ps_script_file" swf="bundles/PHSP-13/PHSP13Bundle.swf_" className="PHSP13Bundle" varName="ps_script_file"/>
    <image id="ps_script_file_r" swf="bundles/PHSP-13/PHSP13Bundle.swf_" className="PHSP13Bundle" varName="ps_script_file_r"/>
    <image id="ps_script_file" swf="bundles/PHSP-13/PHSP13Bundle.swf_" className="PHSP13Bundle" varName="ps_script_file"/>
    <image id="ps_script_file_r" swf="bundles/PHSP-13/PHSP13Bundle.swf_" className="PHSP13Bundle" varName="ps_script_file_r"/>
    <image id="ps_script_file" swf="bundles/PHSP-13/PHSP13Bundle.swf_" className="PHSP13Bundle" varName="ps_script_file"/>
    <image id="ps_script_file_r" swf="bundles/PHSP-13/PHSP13Bundle.swf_" className="PHSP13Bundle" varName="ps_script_file_r"/>
    <image id="ps_script_file" swf="bundles/PHSP-13/PHSP13Bundle.swf_" className="PHSP13Bundle" varName="ps_script_file"/>
    <image id="ps_script_file_r" swf="bundles/PHSP-13/PHSP13Bundle.swf_" className="PHSP13Bundle" varName="ps_script_file_r"/>
  </images>
  <scripts/>
  <elements>
    <element id="ConfiguratorPanel" classRT="com.adobe.configurator2.component.panel.PanelRuntime">
      <attr id="name" meta="UI_ACCESSOR" translate="y"/>
      <attr id="minWidth" meta="UI_ACCESSOR" translate="y"/>
      <attr id="minHeight" meta="UI_ACCESSOR" translate="y"/>
      <attr id="maxWidth" meta="UI_ACCESSOR" translate="y"/>
      <attr id="maxHeight" meta="UI_ACCESSOR" translate="y"/>
      <attr id="persistent" meta="Other" translate="y"/>
      <attr id="extensionId" meta="Other" translate="y"/>
      <attr id="extensionVersion" meta="Other" translate="y"/>
      <attr id="extensionAuthor" meta="Other" translate="y"/>
      <attr id="extensionDescription" meta="Other" translate="y"/>
      <attr id="menuName" meta="Other" translate="y"/>
      <attr id="init" meta="EVENT" translate="y"/>
      <attr id="close" meta="EVENT" translate="y"/>
      <attr id="onInit" meta="UI_ACCESSOR" translate="y"/>
      <attr id="aboutBox" meta="UI_ACCESSOR" localize="y" translate="y"/>
      <attr id="flyoutMenuAbout" meta="Other" localize="y" translate="y"/>
      <attr id="normalIcon" meta="UI_ACCESSOR" translate="y"/>
      <attr id="rollOverIcon" meta="UI_ACCESSOR" translate="y"/>
      <attr id="darkNormalIcon" meta="UI_ACCESSOR" translate="y"/>
      <attr id="width" meta="UI_ACCESSOR" translate="y"/>
      <attr id="height" meta="UI_ACCESSOR" translate="y"/>
    </element>
    <element id="canvas" classRT="mx.containers.Canvas">
      <attr id="label" meta="UI_ACCESSOR" localize="y" translate="y"/>
      <attr id="toolTip" meta="UI_ACCESSOR" localize="y" translate="y"/>
      <attr id="top" meta="UI_STYLE" translate="y"/>
      <attr id="bottom" meta="UI_STYLE" translate="y"/>
      <attr id="left" meta="UI_STYLE" translate="y"/>
      <attr id="right" meta="UI_STYLE" translate="y"/>
      <attr id="horizontalCenter" meta="UI_STYLE" translate="y"/>
      <attr id="verticalCenter" meta="UI_STYLE" translate="y"/>
      <attr id="x" meta="UI_ACCESSOR" translate="y"/>
      <attr id="y" meta="UI_ACCESSOR" translate="y"/>
      <attr id="cfgVisible" meta="UI_ACCESSOR" localize="y"/>
      <attr id="width" meta="UI_ACCESSOR" translate="y"/>
      <attr id="height" meta="UI_ACCESSOR" translate="y"/>
    </element>
    <element id="ps_script_file" classRT="com.adobe.configurator2.component.ScriptFileButtonRunTime">
      <attr id="fileUrl" meta="UI_ACCESSOR" localize="y" translate="y"/>
      <attr id="icon" meta="UI_STYLE" localize="y" translate="y"/>
      <attr id="label" meta="UI_ACCESSOR" localize="y" translate="y"/>
      <attr id="toolTip" meta="UI_ACCESSOR" localize="y" translate="y"/>
      <attr id="showIcon" meta="UI_ACCESSOR" translate="y"/>
      <attr id="mouseUpIcon" meta="UI_ACCESSOR" translate="y"/>
      <attr id="mouseOverIcon" meta="UI_ACCESSOR" translate="y"/>
      <attr id="mouseDownSkinIcon" meta="UI_ACCESSOR" translate="y"/>
      <attr id="top" meta="UI_STYLE" translate="y"/>
      <attr id="bottom" meta="UI_STYLE" translate="y"/>
      <attr id="left" meta="UI_STYLE" translate="y"/>
      <attr id="right" meta="UI_STYLE" translate="y"/>
      <attr id="horizontalCenter" meta="UI_STYLE" translate="y"/>
      <attr id="verticalCenter" meta="UI_STYLE" translate="y"/>
      <attr id="x" meta="UI_ACCESSOR" translate="y"/>
      <attr id="y" meta="UI_ACCESSOR" translate="y"/>
      <attr id="cfgVisible" meta="UI_ACCESSOR" localize="y"/>
      <attr id="width" meta="UI_ACCESSOR" translate="y"/>
      <attr id="height" meta="UI_ACCESSOR" translate="y"/>
      <attr id="top" meta="UI_STYLE" translate="y"/>
      <attr id="bottom" meta="UI_STYLE" translate="y"/>
      <attr id="left" meta="UI_STYLE" translate="y"/>
      <attr id="right" meta="UI_STYLE" translate="y"/>
      <attr id="horizontalCenter" meta="UI_STYLE" translate="y"/>
      <attr id="verticalCenter" meta="UI_STYLE" translate="y"/>
      <attr id="x" meta="UI_ACCESSOR" translate="y"/>
      <attr id="y" meta="UI_ACCESSOR" translate="y"/>
      <attr id="cfgVisible" meta="UI_ACCESSOR" localize="y"/>
      <attr id="width" meta="UI_ACCESSOR" translate="y"/>
      <attr id="height" meta="UI_ACCESSOR" translate="y"/>
    </element>
  </elements>
  <properties>
    <property id="LocaleSearchPath1">${HostProductRoot}/Locales/${LocaleID}/Support Files/Panels/fsPanels.xml</property>
    <property id="LocaleSearchPath2">${HostProductRoot}/Locales/${LocaleID}/Support Files/Panels/${PanelName}/dictionary.xml</property>
  </properties>
</gpc>